{"minzoom":0,"maxzoom":8,"center":[-80.859375,32.544857,8.0],"bounds":[-179.147355,17.674398,179.778465,71.38921]}