{"minzoom":0,"maxzoom":9,"center":[-66.445313,18.312489,9.0],"bounds":[-179.147355,17.674398,179.778465,71.38921]}